Project ID,Planned Cost ($ M),Projected/Actual Cost ($ M)
2,6.25,3.674
3,29.35,29.35
4,4.29,4.39
5,14.56,14.56
6,18.677,18.677
7,25.844,25.844
8,16.0,16.0
9,16.0,16.0
10,6.358,5.202000000000001
11,20.185,20.185
12,25.893,25.893
13,10.619000000000002,10.547
14,0.9620000000000001,0.9620000000000001
15,0.254,0.254
16,0.369,0.369
17,1.295,1.295
18,7.96,9.36
19,4.7,6.209
20,0.742,0.742
21,1.4,1.4
22,1.95,2.0
23,0.873,0.8690000000000001
24,0.65,1.3219999999999998
25,1.33,1.31
26,5.6,5.6
27,0.8,0.8
28,1.8,1.8
29,5.0,5.0
30,20.0,20.0
31,1.2,1.2
32,0.77,0.3
33,2.58,2.35
34,15.76,15.76
35,96.45,53.36
36,162.8,164.30599999999995
37,10.5,10.5
38,5.4,5.449
39,1.5619999999999998,1.5619999999999998
40,2.294,2.294
41,1.755,1.755
42,4.5,4.726
43,21.553,20.489
44,15.788,15.788
47,17.76,17.76
50,0.882,0.845
51,0.342,0.381
52,1.98,1.98
53,5.2,5.2
54,2.0,2.0
55,7.308,7.231
56,5.575,5.58
57,11.788,10.732000000000001
60,0.564,0.608
61,0.938,0.985
62,0.773,0.773
63,0.43799999999999994,0.45399999999999996
64,0.552,0.606
65,0.237,0.252
66,0.5720000000000001,0.628
69,0.574,0.33299999999999996
70,0.32299999999999995,0.355
71,1.631924,1.037095
72,4.743254,3.4855739999999997
73,0.09435199999999999,0.09435199999999999
74,0.639683,0.5405760000000001
75,0.164943,0.075908
76,0.9,0.9
77,7.05,7.05
79,0.40700000000000003,0.40700000000000003
80,0.21608000000000002,0.21608000000000002
81,0.14856,0.14856
82,0.20776,0.20776
83,0.30504000000000003,0.30504000000000003
84,0.30848000000000003,0.30848000000000003
85,0.28918,0.28918
86,0.11,0.11
87,0.0924,0.0924
88,0.0725,0.0725
89,0.13,0.13
90,0.12,0.12
91,9.0,9.0
92,0.1607,0.1387
93,1.1425,1.1424
94,1.141,0.5734600000000001
95,0.0764,0.076442
96,0.0964,0.090523
97,0.1368,0.136739
98,1.0153,1.0153
99,0.7807,0.7807
100,0.05,0.05
101,6.402,6.402
103,0.211988,0.10308699999999996
105,0.0971,0.09499500000000001
106,0.08507,0.056219000000000005
109,0.013936000000000002,0.013936000000000002
110,0.006999999999999999,0.00626
111,0.9279999999999999,1.084819
112,1.8180900000000002,2.1687
113,0.111375,0.096169
114,0.062318,0.186416
115,7.0438,6.9718
116,0.12,0.12
117,0.005,0.005
118,0.66,0.8305610000000001
119,1.19,2.367468
120,1.04,1.053584
121,1.04,0.689707
122,0.02,0.07
123,0.02,0.05
124,0.03,0.06
125,0.03,0.06
126,1.0,1.8851360000000001
127,0.735,0.735
128,0.7559999999999999,0.7559999999999999
129,0.588,0.42727600000000004
130,0.606,0.405
131,0.064572,0.064572
132,0.180626,0.180626
133,0.1411,0.1411
134,0.260251,0.260251
135,0.15,0.14800000000000002
137,0.27,0.271
138,3.773342,3.7792449999999995
139,7.0073380000000025,7.0073380000000025
140,8.15,6.727
141,2.035,2.035
142,3.53,3.53
143,0.159,0.07
144,0.25,0.25
145,0.25,0.08900000000000001
146,0.2,0.2
147,3.153,8.335
148,0.12,0.556
149,6.57,6.763999999999999
150,18.0,20.8
151,1.338,1.338
152,0.317,0.317
153,6.8820000000000014,6.443
154,30.16800000000001,30.16800000000001
155,7.843,7.843
156,1.4,1.4
159,0.581,0.581
160,1.504,1.2819999999999998
161,3.2569999999999997,1.1159999999999999
162,2.356,1.442
163,2.464,2.464
164,4.562,3.576
165,0.836,0.836
166,1.75,1.751
167,1.864,2.16
168,1.38,1.1740000000000002
169,12.68,11.738
170,5.0,5.0
171,6.303,6.303
172,3.327,3.325
173,10.0,10.0
174,4.5,4.5
175,1.8,1.8
176,13.193270000000002,13.193201
177,2.984,2.686489
178,0.6,0.6
179,11.364,11.775
180,3.05,3.05
181,0.01,0.0098
182,0.01,0.009793000000000001
183,0.01,0.009908
184,0.01,0.01
185,0.025,0.02584
186,0.015,0.016493
187,0.6509999999999999,0.62643
188,60.776,64.618
189,7.74,7.5
190,33.853,34.083
191,19.5,19.5
192,0.9,0.604
193,0.9,0.55
194,0.9,0.9
195,0.1,0.1
196,0.2,0.2
197,0.075,0.066
198,0.075,0.042
199,0.075,0.026000000000000002
200,20.893,15.699000000000002
201,3.43,2.256
202,2.5,2.312
203,3.35,3.319
204,6.3,6.3
226,3.695,3.272
227,11.556,11.321564
228,10.282,10.282
229,48.562,45.729
230,45.358999999999995,40.293
231,22.2934,22.2934
232,4.084,4.084
233,0.55,0.5479999999999999
234,0.2,0.2
235,3.9,3.9
236,0.9,0.9451729999999999
237,0.469,0.580496
238,4.35,4.35
239,1.42,1.42
240,0.02,0.02
241,0.76,1.16
242,1.45,1.49
243,0.75,0.75
244,0.75,0.75
245,1.2,1.2
246,2.0,2.0
247,0.23399999999999999,0.23399999999999999
248,2.206,2.206
250,2.62,5.385
251,4.0,4.0
252,2.0,2.0
253,13.379000000000001,13.379000000000001
254,1.35,1.35
268,44.12332,41.029145
269,0.35,0.32
270,0.237,0.23600000000000002
271,0.85,0.846
272,1.31,1.2670000000000001
282,0.35200000000000004,0.30573
283,0.35200000000000004,0.3005
284,0.35200000000000004,0.3847
285,0.35200000000000004,0.36456
286,0.35200000000000004,0.35200000000000004
287,0.122,0.122
288,0.991,0.9915
289,1.286,0.877
290,22.342,22.354
291,1.6,1.6
292,0.313,0.155
293,0.40399999999999997,0.40399999999999997
294,1.7930000000000001,1.7930000000000001
295,0.902,0.902
296,0.028999999999999998,0.028999999999999998
297,0.179,0.179
298,1.186,1.186
299,2.571,2.7539999999999996
300,1.459,1.714
301,2.1590000000000003,2.1590000000000003
302,29.199,29.199
303,0.631,0.631
304,3.36,3.2460000000000004
305,1.419,1.4180000000000001
306,26.859,26.859
307,1.0,1.0
308,1.93,1.93
309,1.2,1.2
310,0.15,0.15
311,0.760537,0.731822
312,21.058000000000003,19.49
313,2.5,2.0
314,1.5,1.5
315,0.25,0.25
316,0.684,0.6
317,0.26,0.26
318,0.475,0.475
319,0.065,0.039
320,0.5,0.3
321,14.718,14.718
322,0.75,0.75
323,1.5,1.5
324,2.5,2.5
325,1.0,1.0
326,2.0,2.0
327,0.7040000000000001,0.7040000000000001
328,0.25,0.25
329,0.5,0.5
330,0.732,0.732
331,0.4920000000000001,0.4920000000000001
332,1.218,1.218
333,8.326,6.642
334,8.646,8.828
335,11.161,11.194
336,9.975,9.105
337,4.925,3.213
338,0.063,0.063
339,0.419,0.419
340,7.2,7.2
341,2.3,2.3
342,2.4,2.4
343,2.5,2.5
344,10.222999999999999,10.113
345,2.4,2.4
346,22.846,20.809
347,28.143,29.269000000000002
348,60.047,46.525
349,17.442,17.442
350,61.931999999999995,61.931999999999995
351,0.777,0.777
352,31.408,31.408
353,58.176,58.176
354,46.45,46.45
355,116.11399999999999,116.11399999999999
357,1.111,1.0203520000000001
358,0.8455440000000001,0.828965
359,1.1697309999999999,1.157462
360,0.156647,0.15348599999999998
361,0.07961,0.07961
362,0.0375,0.0375
363,0.3,0.3
364,0.1125,0.1125
365,1.0333299999999999,1.0333299999999999
366,11.258,11.258
367,6.768,6.8370000000000015
368,3.5860000000000003,3.154
369,3.773,3.438
370,0.204,0.204
371,2.448,2.448
372,3.69,3.69
373,1.32,1.32
374,0.621,0.621
375,2.3080000000000003,2.3080000000000003
376,2.99,2.99
377,5.374,5.374
378,11.767999999999999,11.186
379,6.4879999999999995,6.682
380,3.22,2.98
381,1.8,0.9159999999999999
382,7.508999999999999,6.729
383,3.094,3.222
384,0.645,1.314
386,4.578,4.578
387,7.018,7.018
388,0.5710000000000001,0.5710000000000001
389,0.013000000000000001,0.013000000000000001
390,0.033,0.033
391,0.031,0.031
392,0.008,0.008
393,0.237,0.237
394,0.503,0.503
395,7.05,7.05
410,56.478,43.861999999999995
411,22.7,22.7
412,3.41,3.41
413,1.5,1.5
414,5.0,5.0
415,2.5,2.5
416,1.92395,0.8715
417,0.42,0.42
418,1.0270000000000001,1.128
419,3.353,3.261
420,0.242,0.13397799999999999
421,8.0,7.5
422,28.088265999999997,25.925296
423,2.2,2.1804799999999998
424,12.215,14.594000000000001
425,5.0,4.07
426,0.5,0.5
427,2.5,2.5069999999999997
428,3.0,3.108
429,22.376197,22.269866
430,0.105,0.105
431,1.353684,1.353684
432,2.37,2.37
433,0.096,0.095161
434,1.5390000000000001,1.5571620000000002
435,4.685,4.683
436,2.387,2.2695
437,1.274,1.315375
438,10.96,10.96
439,0.25,0.275
440,0.287,0.299
441,198.60103999999998,232.548
442,5.0,5.0
443,10.0,10.0
444,5.860488,5.973587
445,7.148947,7.621442
446,4.40426,4.40426
447,2.293971,2.293971
448,2.12438,2.12438
449,16.928,15.659
450,4.157,4.302
451,4.104,2.8789999999999996
452,0.74,0.74
453,0.7909999999999999,0.7909999999999999
454,0.873,0.875
455,0.34700000000000003,0.327
456,0.491,0.418
457,5.48,4.626
458,0.47600000000000003,0.46399999999999997
459,1.249,0.725
460,4.314,4.383
461,3.1356439999999997,3.137219
462,5.703087,6.2409
463,0.55,0.55
465,0.46941099999999997,0.50552
467,3.049,3.0810000000000004
468,2.092,2.092
469,3.8,3.8
470,4.7,4.7
471,1.5,1.5
472,1.5,1.5
473,1.0,1.0
475,0.6679999999999999,0.478
476,0.1,0.045
477,0.35,0.245
478,0.3,0.2
479,0.3,0.3
480,0.27,0.146
481,0.45,0.253
482,0.449,0.131
483,0.42,0.42
484,0.287,0.136
485,0.342,0.342
486,0.34700000000000003,0.34700000000000003
487,1.344,2.207
488,1.44,4.056
489,0.03,0.025
490,0.155,0.599
491,0.35,0.366
492,0.35,0.35
493,0.35,0.35
494,0.03,0.026000000000000002
495,0.155,0.106
496,161.9,161.9
497,21.61,21.61
498,2.14,2.14
499,3.2,3.2
500,0.28600000000000003,0.259
501,1.624,1.51
502,3.65,4.369
503,1.19,1.1640000000000001
504,5.336,5.336
505,6.072,5.391
506,10.14,10.300999999999998
507,3.805,3.805
508,2.75,2.75
509,7.305,7.231
510,33.347,33.741
511,1.22,1.22
512,0.706,0.706
513,45.01,38.429175
514,2.637,2.917
515,1.476,1.537
516,0.406,0.39899999999999997
517,1.8019999999999998,1.91
518,0.75,0.75
519,6.09,5.99
521,50.04,50.04
522,3.9739999999999998,3.9389999999999996
523,12.0,12.0
524,3.949547,316.253171
525,2.007189,1.984257
526,33.975,45.618582
527,1.9475220000000002,1.9749869999999998
528,3.33371,3.5242809999999998
529,9.818451,10.149778
530,1.925,1.7718770000000001
531,4.096,4.096
532,3.681,3.516
533,8.449,7.57
534,0.25,0.25
535,1.0893680000000001,0.816168
536,20.64635,21.642616
537,8.11,6.085493
538,41.736999999999995,35.3645
539,14.203,13.255
540,5.422745,5.422745
541,1.236,1.236
542,0.878,0.878
543,7.501,11.507
544,0.135,0.135
545,5.68,5.68
546,1.304,1.304
547,8.8,9.301938999999999
548,3.7910000000000004,3.8146949999999995
552,0.5575600000000001,0.55755
553,1.61,1.3655059999999999
554,6.04,5.6112480000000025
555,4.0,4.0
556,1.425,1.425
557,4.845,4.845
558,3.9219999999999997,3.9219999999999997
559,26.428,24.609
560,21.575,10.138
561,16.278,16.258
562,6.12,6.12
563,1.8840000000000001,1.867
564,1.8840000000000001,1.7497599999999998
565,1.8840000000000001,1.841
566,1.8840000000000001,1.8688
567,1.8840000000000001,1.824
568,1.881,1.84
569,14.9,13.442
571,21.076999999999998,20.90629
572,0.99825,0.99825
573,2.898189,2.887466
575,8.48,8.413
576,2.858,2.858
577,6.85,6.85
578,6.35,6.35
579,4.43,4.43
580,399.740293,399.549332
581,5.26133,5.26133
582,11.408,11.36
583,7.3,7.3
584,3.215,3.215
585,4.958,4.958
586,1.44,1.44
587,0.705,0.705
588,8.275,8.275
589,2.99492,2.92922
590,4.61155,4.61155
591,1.425,1.4
594,42.34809600000001,41.958562
595,4.0,4.0
596,5.34416,5.453821
598,0.15,0.15
599,0.233,0.233
600,0.11599999999999999,0.11599999999999999
601,0.146,0.1289
602,0.29,0.29
607,0.37258,0.37258
608,20.120384,25.407394
614,12.744734,15.004024
615,2.505128,2.550497
616,22.186346,18.575751999999998
617,7.131407,5.5423870000000015
618,3.0924840000000002,3.0053080000000003
619,2.827673,2.0994029999999997
620,15.799774,15.136555
621,2.5719,3.253733
622,6.959988,6.560988
623,1.15,1.15
624,12.592812,11.345238
625,4.4795,4.07
626,29.4055,27.112701
627,1.6,1.6
628,8.096188,10.362322
629,4.600947,8.285598
630,5.716931,2.9467470000000002
631,3.11816,2.609219
632,9.019765,6.969742
633,7.747247,7.7551710000000025
634,1.1,1.1
635,10.029354,9.677375
636,11.761813,11.173862
637,20.295929,18.719569
638,7.691524,7.0290479999999995
639,15.580001999999999,18.460485000000002
640,13.24969,13.244256
641,3.384274,3.040551
642,10.585474000000001,7.701822
643,27.76489,31.215734
644,0.125002,0.124982
645,0.16,0.16
646,4.127,4.127
647,2.8110000000000004,2.8110000000000004
648,3.259,4.439
649,3.259,3.259
650,4.888,4.888
651,3.307,3.307
652,5.035,5.035
654,,
656,15.297,15.297
657,0.179,0.179
658,1.46,1.46
659,25.468195,0.0
660,2.0,0.0
661,1.8205,1.4564
662,1.713,1.713
663,1.45,1.45
664,0.01,0.01
665,46.96,46.96
666,0.662,0.662
667,0.5720000000000001,0.5720000000000001
668,2.41,0.3856
669,10.058,10.058
670,4.268,4.268
671,2.23,2.23
672,0.03,0.03
673,0.7,0.7
674,1.0170000000000001,1.0170000000000001
675,0.25,0.25
676,3.958765,3.871752
677,5.117,9.23
678,5.921,5.921
679,2.759,2.759
681,3.423,3.423
682,46.32,46.32
683,8.0,6.0
684,3.875,3.875
685,0.5,0.5
686,0.495,0.495
688,2.064,2.573
689,3.7889999999999997,3.7889999999999997
690,0.68,0.609
691,0.9790000000000001,0.9420000000000001
692,7.3279999999999985,7.114
693,2.985,2.657
694,4.535,3.182
695,3.57573,3.5257300000000003
696,1.721284,1.641284
697,1.673141,2.207414
698,5.458519,5.2570190000000006
700,1.843647,1.728647
701,1.239666,1.478488
702,0.750953,0.746058
703,0.310057,0.278057
704,1.992704,1.788488
705,0.11583800000000001,0.11583800000000001
706,0.4922760000000001,0.4922760000000001
707,0.5573239999999999,0.5573239999999999
708,0.20502399999999998,0.098638
709,0.400654,0.331368
710,0.094825,0.094825
711,19.611,20.410702
717,0.242,0.242
719,152.79,153.59
720,17.827732,16.860007
721,2.48,2.6639999999999997
722,6.822,6.822
723,0.5,0.52522
724,2.074,2.0281
725,0.35,0.35
726,1.149,1.149
727,0.331,0.331
728,0.369,0.35699200000000003
729,0.28,0.28
730,1.9271040000000002,1.8423479999999999
731,4.119,4.119
733,2.7247630000000003,2.7247630000000003
734,0.25,0.25
735,1.5,1.5
736,0.5,0.5
737,13.0,13.0
738,26.7,26.6
739,89.8,95.179
740,2.6069999999999998,2.8489999999999998
741,0.20600000000000002,0.22399999999999998
742,1.253,1.0502
744,0.18,0.179
745,0.17,0.16939
746,0.415,0.415
747,0.1504,0.1504
748,,
749,,
750,,
751,1.3630000000000002,1.39824
752,0.015,0.015
753,0.244,0.262023
754,4.2,4.2
755,7.3,7.3
756,18.1,18.1
757,0.03,0.03
758,1.3,1.3
759,0.271,0.271
760,0.17,0.177
761,0.10099999999999999,0.501
762,0.124,0.5235
763,0.165,0.165
764,1.05,1.05
765,0.05,0.05
766,0.2,0.2
767,0.15,0.15
768,0.535,0.528
769,0.36,0.36
770,0.62,0.57
771,0.5,0.495
772,2.245,2.237
773,1.216,1.149
774,2.056,2.068
775,2.068,2.081
776,2.296,2.3080000000000003
777,0.65,0.65
778,2.552,2.478
779,0.8759999999999999,1.9369999999999998
780,0.39321,0.39321
781,0.439,0.515
782,0.92112,0.92112
783,,
784,,
785,,
786,30.6,25.5
787,1.45,1.468854
788,16.489,16.339000000000002
789,21.201,21.201
790,114.126,115.098
791,22.0,22.0
792,42.979,42.608000000000004
793,46.36025,45.05214
794,2.81942,2.77549
795,18.4,18.88
796,6.0,6.0
797,8.75,8.75
798,9.0,9.0
799,6.15,6.15
800,19.1,24.375
801,11.0,11.0
802,0.36,0.35791999999999996
803,0.2,0.1962
804,0.9279999999999999,0.9279999999999999
805,2.616,2.616
806,0.945,0.945
807,0.2,0.2
808,8.793105,7.21041
809,1.62045,1.14068
810,3.6079800000000004,1.7385599999999999
811,0.15955999999999998,0.40836
812,0.09246,0.12775999999999998
813,0.8699,1.78165
814,0.20088,0.35236
815,0.56553,0.18752
816,2.71298,2.4869
817,0.1962,0.18658
818,36.76052,37.15096
819,8.06585,9.09982
820,56.020869999999995,52.61418000000001
821,18.238,18.94868
822,1.40265,1.40265
823,0.1962,0.1962
824,49.90049000000001,49.54768
825,7.88095,6.83317
826,8.82243,8.85805
827,2.82344,2.2578400000000003
828,0.73526,0.6178
829,1.07094,1.0708799999999998
830,0.1962,0.1962
831,11.987903,11.799866
832,6.1579999999999995,6.1579999999999995
833,3.6262,3.6262
834,3.204929,3.165968
835,0.27221999999999996,0.27221999999999996
836,0.444572,0.444572
837,8.76,8.499
841,1.155,1.155
842,32.85,32.85
843,0.5,0.5
844,0.4,0.4
845,7.2,7.2
846,0.669,0.669
847,1.29675,1.22086
848,2.04412,2.04412
849,0.7338100000000001,0.7838
850,2.40462,2.40389
851,2.291,0.627391
852,2.05995,2.05994
853,1.035,0.982
854,3.4521699999999997,3.5804
855,4.45,4.45
856,1.225,1.225
857,18.214000000000002,18.212445000000002
858,0.115,0.115
859,0.65,0.65
860,4.331174,4.225442
861,1.015319,1.015319
862,4.21708,3.9912690000000004
863,1.815125,1.478481
864,0.27712600000000004,0.27712600000000004
865,0.098914,0.098914
866,7.9514190000000005,7.509133999999999
867,3.4898730000000002,2.798826
868,72.44112700000002,72.092036
869,27.942732,19.7913
870,17.707637,17.420569
871,5.939655,5.939655
872,21.649915,18.510676999999998
873,10.200066,10.142716
874,1.9097650000000002,1.7063009999999998
875,4.205439,4.045277
876,8.718683,7.8719899999999985
877,110.49495900000001,104.96837
878,241.68050899999997,232.12706699999998
879,4.50689,4.50689
880,3.8615199999999996,3.8615199999999996
881,0.84215,0.84215
882,1.09065,0.29686
883,4.98266,8.979289999999997
884,0.55328,3.2736
885,0.01729,0.20925
886,0.14,0.0
887,6.9643,6.9593
888,12.72751,12.72751
889,0.6440600000000001,0.48236999999999997
890,2.23265,2.23265
891,0.26655999999999996,0.27052
892,0.32841,0.36772
893,0.52294,0.52294
894,3.2399299999999998,3.2399299999999998
895,0.1008,0.07701000000000001
896,0.33276999999999995,0.33276999999999995
897,0.2402,0.20196
898,2.3607099999999996,2.3607099999999996
899,0.22943000000000002,0.22943000000000002
900,0.47628400000000004,0.49348800000000004
901,0.06568,0.06568
902,1.3705200000000002,1.039134
903,2.56927,2.56125
904,0.45073,0.45073
905,0.60143,0.5627800000000001
906,38.99609,40.33717
907,0.80047,0.80047
908,2.7370900000000002,2.7370900000000002
909,4.31893,4.31893
910,0.28600000000000003,0.28600000000000003
911,0.61879,0.61879
912,0.845,0.83665
915,1.45181,1.45181
916,3.27144,3.27144
920,0.22368000000000002,0.21353000000000005
921,3.88421,3.8810800000000003
922,0.185,0.185
926,1.7542,1.6116700000000002
927,0.175,0.60144
929,10.81775,9.94396
930,1.91382,2.2059599999999997
931,0.11574000000000001,0.0691
932,0.8942700000000001,0.8942700000000001
933,0.04717,0.04268
934,0.166,0.15052000000000001
936,11.71154,11.71154
938,0.2,0.2
940,2.73157,2.73157
941,8.49282,8.49282
942,0.5,0.5
943,0.4776,0.4776
946,3.8710000000000004,3.8592
947,1.0,1.0
949,5.21836,5.21836
952,0.8420700000000001,0.8420700000000001
961,2.55249,2.06984
962,4.336469999999999,4.336469999999999
963,0.28442,0.28442
964,2.3073799999999998,2.20605
965,2.80341,2.8034
966,0.8117800000000001,0.8117800000000001
967,0.28905,0.289046
968,1.04463,1.04463
971,0.94076,0.94076
972,1.25,1.25
973,5.6958,5.7382
974,7.013496000000001,7.013496000000001
975,2.455705,2.461247
976,1.2424870000000001,0.964457
977,7.4806589999999975,8.230725999999999
979,5.2489940000000015,5.865239
980,54.468196999999996,53.025268000000004
981,0.927026,1.201642
983,0.3684,0.3684
984,0.0774,0.000696
985,5.766296,5.7661370000000005
986,8.830269,8.829927
987,0.28600000000000003,0.2712
988,0.5479999999999999,0.4959
989,1.395,0.9329999999999999
990,0.534,0.4395
991,0.38799999999999996,0.3815
992,0.43799999999999994,0.4542
993,2.3409999999999997,2.2926
994,0.341,0.324527
995,1.074373,1.84506
996,4.9335,0.138
997,1.27481,0.396252
998,0.619117,0.1335
999,0.422308,0.16760999999999998
1000,1.210485,0.448338
1001,0.08633300000000001,0.07633
1002,5.6208519999999975,1.4698440000000002
1003,4.875,1.1655
1004,1.5,0.836405
1005,1.0,0.497457
1006,0.374,0.1715
1007,4.0745,2.855049
1008,14.58129,14.637739999999999
1009,0.438008,0.4386600000000001
1010,2.3274790000000003,2.327473
1011,9.514157,9.514158
1012,0.08027000000000001,0.080272
1013,0.444572,0.444572
1014,3.767,3.763
1015,1.0959999999999999,1.561
1016,11.91698,11.756117
1017,11.585280000000001,11.297907
1018,2.149,2.149
1019,7.2266,7.199053999999999
1020,2.56,2.56
1021,3.07504,2.633
1022,3.264983,6.2221400000000004
1023,3.7393,2.70273
1024,5.8915,6.22975
1025,1.54303,0.9856299999999999
1026,1.264753,1.26915
1027,2.66,2.66648
1028,0.2,0.19622
1029,83.47,84.96096999999997
1030,21.06311,20.91809
1031,43.02655,41.83654
1032,0.68404,0.79109
1033,0.1254,0.1254
1034,2.18316,2.18316
1035,5.610005,5.623277
1036,0.982165,0.8650100000000001
1038,26.32566,19.73627
1039,0.159365,0.159366
1040,0.817118,0.817118
1041,0.32,0.32
1042,0.6,0.6
1043,0.84,0.835
1044,0.9520000000000001,0.951
1045,10.347000000000001,10.347000000000001
1046,5.0,5.0
1048,7.960176,6.41894
1049,0.86546,0.8361799999999999
1050,3.799154,2.7075400000000003
1051,5.794372,5.76524
1052,3.10609,3.10728
1053,0.203546,0.203543
1054,57.95503000000001,58.771159999999995
1055,3.91448,3.70696
1056,1.96007,1.8971900000000002
1057,6.21476,6.37898
1058,3.1889,3.12031
1059,1.84942,2.05864
1060,2.21028,2.36443
1061,6.032719999999999,6.78073
1062,1.2115799999999999,1.82225
1063,15.595579999999998,13.92542
1064,4.82371,5.47589
1065,3.9442699999999995,3.83492
1066,0.88565,0.63572
1067,3.2537,5.6456
1068,2.8303599999999998,2.70398
1069,7.56148,7.56146
1070,4.04584,4.04582
1071,3.0,3.0
1072,23.8,23.8
1073,16.85505,16.32657
1074,0.15716,0.05005
1075,0.22157,0.23490999999999998
1076,0.03244,0.03199
1077,0.34995,0.48733000000000004
1078,6.11745,6.93153
1079,0.12882000000000002,0.11667999999999999
1080,0.41253,0.32026
1081,1.30514,1.30514
1082,0.1962,0.1962
1083,20.141,20.141
1084,16.27,16.32
1085,0.45,0.45
1086,0.5,0.5
1087,11.862,11.862
1088,5.958696,5.958696
1090,9.712,9.712
1091,10.386,10.386
1092,1.0,0.8909999999999999
1093,0.35,0.35
1094,11.677999999999999,11.591
1095,0.1,0.096
1096,0.44,0.44
1097,21.045460000000002,21.045495000000006
1099,0.7,0.7
1101,0.15,0.15
1102,0.35,0.35
1104,8.210163,8.210172
1105,3.412,3.412
1106,4.8839999999999995,4.8839999999999995
1107,7.018,7.018
1108,6.9579999999999975,6.9579999999999975
1109,4.175,4.175
1110,4.175,4.175
1111,1.391,1.391
1112,0.2,0.2
1113,0.3,0.3
1114,8.127961,8.045463
1115,7.52596,7.52596
1116,5.470008,5.469906
1117,47.103,47.103
1118,7.44,8.36
1119,6.21,6.112
1120,3.641,3.662
1121,4.5680000000000005,4.552
1122,1.6340000000000001,1.6340000000000001
1123,23.409406,23.409406
1124,47.158435,47.158435
1125,17.32905,17.32905
1126,55.275484999999996,55.275484999999996
1127,1.45584,1.45584
1128,4.5,4.5
1129,1.6,1.6
1130,0.02,0.0192
1131,0.86,0.86
1132,6.0,6.0
1133,0.488,0.488
1134,0.053,0.053
1135,0.35754,0.19554000000000002
1136,0.22399999999999998,0.22399999999999998
1137,8.854791,8.854447
1138,0.2,0.2
1139,4.287624,4.287624
1140,0.864693,0.864693
1141,13.308513,13.308513
1142,10.832,11.295
1143,8.7868,8.803676
1144,0.9,0.768822
1145,3.7212629999999995,2.458309
1146,0.04,0.04
1147,0.105,0.105
1148,8.123272,7.516272
1149,3.5,3.5
1150,0.1,0.1
1151,0.4,0.4
1152,0.248,0.248
1153,1.0,0.67299
1154,0.021,0.019459999999999998
1155,0.2001,0.2001
1156,0.087,0.087
1157,0.2122,0.2122
1158,7.226724000000001,7.226724000000001
1159,0.23,0.23
1160,0.01,0.01
1161,2.0,2.0
1162,2.878879,2.78459
1163,6.328517,6.303669
1164,11.784,11.784
1165,0.435,0.39
1166,0.212,0.19710899999999998
1167,21.94369,21.94369
1168,80.331096,80.331096
1169,16.54842,16.54842
1170,7.112,7.112
1171,70.06221,70.06221
1172,12.547182000000001,12.547182000000001
1173,24.151191,24.151191
1174,52.59790200000001,52.59790200000001
1175,1.85,1.85
1176,2.2,2.2
1177,0.081232,0.07069299999999999
1178,0.38,0.37459000000000003
1179,0.7609999999999999,0.151943
1180,20.201,0.393175
1181,18.637999999999998,18.637999999999998
1182,25.717257999999998,28.533399
1184,7.83,7.677395
1185,4.654,4.654
1186,0.175,0.175
1188,0.82325,0.82325
1189,65.88,65.88
1190,0.9329999999999999,0.9329999999999999
1191,0.9,0.9
1192,28.0,28.0
1193,0.111,0.111
1194,10.232999999999999,10.232999999999999
1195,4.38,4.5
1196,20.08,19.41
1197,2.52,2.52
1198,9.68,9.68
1199,1.01,1.01
1200,7.81,10.65
1201,16.3,16.3
1202,0.81,0.81
1203,1.07,1.07
1204,1.33,1.33
1205,6.42,7.801
1206,2.018669,2.101
1207,2.384877,2.5222
1208,4.718453,5.418255
1209,11.52772,11.958291000000001
1210,1.4621520000000001,1.457638
1211,3.027898,4.2984870000000015
1212,1.6131739999999999,1.603866
1213,5.651007,5.527039
1214,1.843805,2.4629
1215,4.508,1.515
1216,5.75,5.75
1217,0.815237,0.815237
1218,7.346,7.346
1219,0.85988,0.85988
1220,5.816221,6.514221
1221,0.85,0.85
1222,31.272,30.601999999999997
1223,30.471999999999998,30.471999999999998
1224,88.807,88.807
1225,257.121,236.053
1226,0.625,0.625
1227,0.315,0.315
1228,7.5,7.5
1229,1.5,1.879
1230,1.24,0.838
1231,0.4,0.413
1235,2.424,2.425
1236,0.13,0.13
1237,9.76,9.42
1238,0.6,0.6
1239,0.175,0.185
1240,0.03,0.03
1241,0.16,0.09
1242,11.365234,9.397782000000001
1243,15.796857999999999,16.183145
1244,14.327907999999999,14.536141
1245,0.7,0.7
1246,1.375,1.843881
1247,0.5,0.624301
1248,0.775,0.775
1251,0.8,0.8
1252,1.28,1.28
1253,0.4,0.4
1254,0.184,0.20800000000000002
1255,0.7959999999999999,0.8
1256,5.0,5.0
1257,2e-06,2e-06
1258,1e-06,1e-06
1259,0.12,0.12
1260,2e-06,2e-06
1261,0.13,0.13
1262,0.009104000000000001,0.009104000000000001
1263,2e-06,2e-06
1264,0.950001,0.950001
1265,2e-06,2e-06
1267,0.05,0.05
1268,0.68,0.813
1269,5.047549,5.04755
1270,1.1,1.047
1271,7.42,6.99
1272,6.7,6.605
1273,1.5,1.5
1274,2.495,2.495
1275,1.65,1.65
1276,33.728,33.601
1277,223.287,223.697
1278,10.3,10.3
1279,13.0,13.0
1280,59.576,59.555
1281,60.273,60.371
1282,13.673,13.651
1283,2.5,2.5
1284,25.4,34.879
1285,100.6346,83.446
1286,94.4061,112.0589
1287,41.06,41.151
1288,116.7527,116.7527
1289,2.0,2.173
1290,0.475,0.591
1291,1.58,1.58
1292,0.4,0.092
1293,6.22,6.774
1294,0.15,0.11
1295,1.0,0.9690000000000001
1296,0.49,0.48
1297,1.6,1.6
1299,14.785835,14.877194
1300,2.8052580000000003,2.8052580000000003
1301,0.671331,0.671331
1302,0.289,0.111
1303,0.5770000000000001,0.37
1304,4.25,4.25
1305,4.8105,4.8105
1306,13.782214000000002,10.460022
1307,3.733338,3.733338
1308,10.349,10.349
1309,5.195,5.154
1310,49.89,49.89
1311,25.29787300000001,25.29787300000001
1312,0.18,0.18
1313,0.18,0.18
1314,0.04,0.04
1315,27.20332,27.203343
1316,6.95,6.95
1317,27.6,27.6
1318,49.06,49.06
1319,40.7,40.7
1320,2.47,2.47
1321,475.44840999999997,488.92801
1322,141.60111,143.56605
1323,272.97931,277.64796
1324,22.5109,22.5109
1325,1.07542,1.07542
1326,27.833240000000004,52.38916
1327,26.15707,26.61484
1328,57.38800000000001,59.06619
1329,5.31502,5.31502
1330,14.7255,14.7255
1331,177.52352,175.85437
1332,6.52776,6.799689999999999
1333,166.37229,172.01358000000005
1334,2.4632,2.4625
1335,0.32038,0.32038
1336,1.6054,0.8258
1337,1.145,1.147269
1342,0.27,0.17
1343,0.971,12.276
1345,6.655,6.568
1346,1.834,1.834
1349,0.136,0.136
1350,0.3,0.3
1351,0.098006,0.098006
1352,0.009000000000000001,0.009000000000000001
1353,1.127,1.127
1354,0.772212,0.770844
1355,0.509041,0.501553
1356,0.318338,0.315985
1357,0.584403,0.584403
1358,0.040479,0.040479
1359,0.159173,0.159173
1360,0.5,0.35100000000000003
1368,5393.849,5837.8985
1374,1.93,1.86047
1375,1.0,1.0
1376,0.515,0.3
1377,1.028,0.745
1378,1.028,0.8009999999999999
1379,2.571,2.184
1380,0.674,0.686959
1381,1.0290000000000001,1.056087
1382,1.5719999999999998,1.048
1383,0.568,0.42200000000000004
1384,0.212,0.212
1385,0.331,0.19399999999999998
1386,0.664,0.6409999999999999
1387,1.0290000000000001,1.0290000000000001
1388,1.0290000000000001,1.0290000000000001
1389,0.515,0.489253
1390,0.336,0.263
1391,0.462,0.374
1392,0.42,0.348
1393,0.63,0.522
1395,1.0869,1.1563
1396,1.22028,1.2042899999999999
1397,4.70754,4.622721
1398,4.282883999999999,4.282883999999999
1399,2.149643,2.140975
1400,1.4138,1.3273
1401,1.2286,1.1182
1402,0.15,0.15
1404,1.8,1.8
1406,0.05,0.05
1408,8.344,8.344
1409,178.74352,178.73998400000005
1411,14.2664,14.2664
1412,0.006,0.00464
1413,0.0035,0.0035770000000000008
1414,0.004,0.004
1415,0.008,0.008
1416,0.6286,0.6286
1417,0.18100000000000002,0.1705
1418,0.141,0.139
1419,0.24,0.24
1420,0.08,0.0585
1423,0.0041,0.0041
1424,1.47448,1.47448
1425,0.6550699999999999,0.6550699999999999
1426,0.2,0.2
1427,0.248,0.248
1428,0.05,0.048654
1429,0.33,0.33
1430,0.02,0.02
1431,16.966566,16.92074
1433,3.466,3.5989999999999998
1435,0.257,0.257
1436,0.855,0.855
1438,1.163,1.163
1439,0.171,0.171
1441,0.125,0.125
1442,0.0336,0.0336
1446,9.538388000000001,9.737094
1448,0.06,0.06000800000000001
1449,32.38812,30.86037
1450,0.0688,0.0688
1451,4.70953,4.383306
1452,0.20800000000000002,0.203728
1455,0.034,0.034
1456,1.2237,1.2237
1457,3.6407,3.6407
1458,1.6192,1.6355
1459,0.7257,0.7062
1460,3.0526,3.0526
1461,3.9842,3.9932
1462,0.0776,0.0776
1463,1.075,1.075
1464,1.9,1.9
1465,0.5,0.2075
1466,2.035,2.035
1467,2.58,1.996
1468,11.0,11.0
1470,0.075,0.075
1471,6.0,5.34
1472,0.175,0.15
1473,0.4,0.4
1474,20.5,19.576
1475,2.52,0.9374
1476,1.0,1.0
1477,1.0,1.0
1478,2.0,2.1579900000000003
1479,0.75,0.6230899999999999
1480,1.25,1.00965
1482,1.0,1.0
1483,63.352,54.629
1484,16.150005,16.146005
1485,21.351,21.348000000000006
1486,1.5000040000000001,1.5000040000000001
1487,3.935,3.9
1488,0.480001,0.480001
1489,17.0,17.0
1490,17.600001000000006,17.600001000000006
1491,0.21899999999999997,0.21600000000000005
1506,4.891678,4.918131
1512,3.0701,3.0701
1513,1.887375,1.887375
1514,30.822916999999997,29.140415
1515,36.431999999999995,35.823
1516,5.007,5.0360000000000005
1517,8.615,8.615
1518,79.962,80.931
1519,6.2920000000000025,6.2920000000000025
1520,10.845999999999998,7.3770000000000024
1521,10.7751,10.728000999999999
1522,5.9299,5.9299
1523,13.168,13.064
1524,0.93,0.93
1530,5.607088,5.758699
1531,4.100924,4.176803
1532,3.9,2.661868
1537,2.25,2.56682
1538,7.572999999999999,6.491417
1539,0.25,0.317912
1540,7.6439,8.111817
1541,0.71912,0.590026
1543,1.53,1.2816
1544,5.965,5.3296
1546,1.015,0.731
1549,6.912999999999999,6.928
1550,1.099,1.099
1551,0.953,1.016
1552,1.2,1.2
1553,0.503,0.503
1559,1.23,1.1166049999999998
1562,1.7748869999999999,1.913888
1563,1.103251,1.049419
1564,2.2094709999999997,2.2094709999999997
1565,1.458727,1.458727
1568,3.859752,4.0377529999999995
1569,2.694501,1.816037
1570,2.679558,1.8410240000000002
1573,2.807357,2.289815
1574,0.29535,0.11535
1576,0.441553,0.441553
1580,6.836,1.198957
1581,1.5219999999999998,0.0
1587,0.325712,0.325712
1588,4.885288,4.885282
1589,4.5280000000000005,4.5280000000000005
1590,8.862,8.862
1593,20.7,20.47
1594,1.3,1.3
1595,3.1260000000000003,3.07
1596,1.026,0.9840000000000001
1597,1.14,1.101
1598,2.222,2.224
1599,2.787,2.767
1600,0.265,0.28300000000000003
1601,3.946,3.8489999999999998
1602,8.761000000000001,8.682
1603,3.207,3.1060000000000003
1604,13.172,12.425
1605,6.002999999999999,5.8020000000000005
1606,8.64,8.657
1607,2.352,2.354
1608,2.3680000000000003,2.276
1609,2.632703,2.5231790000000003
1610,2.291992,2.2949919999999997
1611,6.2139999999999995,6.215
1612,2.5,2.5
1613,6.466,6.466
1614,2.5,2.5
1615,5.0,5.0
1616,9.5,9.5
1617,3.30144,3.30144
1618,1.5217209999999999,1.719277
1619,0.5724520000000001,0.8188350000000001
1620,8.027999999999999,8.027999999999999
1621,12.2758,12.2758
1622,3.0034,3.0033
1623,0.38,0.3934
1624,0.1162,0.1162
1625,0.2625,0.2625
1627,0.5449,0.5449
1628,0.5,0.5
1629,1.173,1.173
1630,0.24100000000000002,0.239
1631,0.036000000000000004,0.024
1632,0.40399999999999997,0.35200000000000004
1633,0.503,0.503
1634,1.3,1.3
1635,2.03,2.529
1636,0.051,0.023
1637,756.28,654.996
1638,39.074,41.038864000000004
1639,13.025,12.817728
1644,0.5,0.595
1645,0.1,0.1
1646,10.8098,10.4498
1647,4.6095,4.47375
1648,5.9002,5.6813
1649,2.3053,2.1889
1650,0.379,0.24
1651,1.109,1.113
1652,1.4509999999999998,1.21
1653,16.43,12.43
1654,0.92,0.0
1655,2.2,2.12855
1656,2.4,0.0
1657,1947.0,1947.5
1665,6119.0,6118.99986
1666,0.275,0.285
1667,0.606,0.605
1668,0.0075,0.07
1671,2.307025,2.503797
1672,2.8220009999999998,2.8220009999999998
1673,4.630506,4.944503
1674,2.7235,3.304529
1675,0.193375,0.08308
1676,119.099001,122.21848600000001
1677,0.33,0.33
1683,0.048,0.048
1684,7.276,7.276
1685,16.248,16.248
1686,0.540347,0.540347
1687,0.835822,0.835822
1688,2.163072,2.163072
1689,0.108154,0.108154
1690,0.689479,0.689479
1691,1.6223040000000002,1.6223040000000002
1692,0.6272909999999999,0.6272909999999999
1693,1.2329510000000001,1.2329510000000001
1694,0.541523,0.541523
1695,1.39304,1.39304
1696,0.182509,0.182509
1697,3.2446080000000004,3.2446080000000004
1698,0.144069,0.144069
1699,6.489216000000001,6.489216000000001
1700,0.115711,0.115711
1701,0.540768,0.540768
1702,0.047588,0.047588
1703,0.547257,0.547257
1704,0.146007,0.146007
1705,0.146007,0.146007
1706,0.743556,0.743556
1707,0.005408,0.005408
1708,0.048669,0.048669
1709,2.8582919999999996,2.8582919999999996
1710,12.659379,12.659379
1711,0.636808,0.636808
1712,2.947186,2.947186
1713,2.595686,2.595686
1714,0.813,0.813
1715,1.7280000000000002,1.7280000000000002
1716,1.9,1.9
1717,1.7280000000000002,1.7280000000000002
1718,1.9,1.9
1719,5.303,5.303
1720,1.9,1.9
1721,5.303,5.303
1722,1.9,1.9
1723,,
1724,,
1725,,
1726,,
1727,,
1728,,
1729,,
1730,,
1731,1.5,1.5
1734,44.690208,44.690208
1735,912.329792,912.329792
1736,0.65,0.65
1737,1.064,1.0717290000000002
1738,7.6778,2.3209999999999997
1739,8.437644,2.465
1740,0.735925,0.735925
1741,3.795235,3.669104
1742,2.3252,2.112327
1743,0.670791,0.663409
1744,4.88587,4.5922410000000005
1745,1.988088,1.988088
1746,0.00225,0.00225
1747,2.8474,2.847
1748,0.057999999999999996,0.0585
1749,0.8909999999999999,0.8909999999999999
1750,0.03,0.03
1752,0.256,0.256
1753,0.038,0.04
1754,4.407,4.31
1755,4.407,4.308
1756,4.407,4.341
1757,4.407,4.407
1758,3.3034,3.3034
1759,3.3034,3.3034
1760,3.3034,3.3034
1761,3.3034,3.3034
1764,0.4,0.4
1765,300.6,300.6
1766,300.5,300.5
1767,2.7036,2.7036
1768,1.75,1.35
1769,16.374000000000002,9.885
1770,1071.255,382.801
1939,11.440999999999999,11.440999999999999
1940,11.440999999999999,11.440999999999999
1941,11.442,11.442
1942,11.440999999999999,11.440999999999999
1943,11.440999999999999,11.440999999999999
1944,5.6560000000000015,5.6560000000000015
1945,16.498,0.0
1946,23.764871,23.633144
1947,2.56082,2.446351
1948,0.922544,0.9057620000000001
1949,2.867141,2.833405
1950,0.498987,0.498987
1951,0.5,0.5
1952,1.7125,1.7125
1953,0.999167,0.9674889999999999
1954,2.495101,2.440861
1955,0.44,0.44
1956,27.728684,27.728684
1957,3.6211260000000003,4.154248
1958,3.186588,8.463203
1959,5.421781,5.3375330000000005
1960,3.212212,3.216402
1961,0.654,0.654
1962,0.395841,0.351662
1963,4.276033999999999,4.276033999999999
1964,0.335912,0.337898
1965,1.908266,1.8460830000000001
1966,1.415032,1.249517
1967,6.28632,6.28503
1968,12.672267999999999,13.059078999999999
1969,1.8111380000000001,6.777
1970,0.2218,0.2218
1971,0.1546,0.1546
1972,0.1546,0.1546
1973,0.18100000000000002,0.18100000000000002
1974,2.0681,2.0681
1975,0.1546,0.1546
1976,0.1546,0.1546
1977,0.1546,0.1546
1978,0.1546,0.1546
1979,0.1342,0.1342
1980,0.1546,0.1546
1981,0.9403739999999999,0.9403739999999999
1987,0.507256,0.503887
1988,0.29143,0.29143
1989,5.165584,5.079489
1990,4.503101,4.428159
1991,3.835079,3.835079
1992,1.7616990000000001,1.7616990000000001
1993,76.09074,76.09074
1997,12.144,14.866
1998,0.706,0.9209999999999999
1999,0.865,1.158
2000,1.39,1.074
2001,1.212,1.295
2002,0.95,1.246
2003,0.9440000000000001,0.669
2004,13.204,13.677
2005,2.4,2.755
2006,1.585,1.413
2010,3.905,4.521
2011,4.237,4.237
2012,6.05,5.914
2013,9.199,6.8370000000000015
2014,1.455,1.496
2015,0.35,0.344
2016,2.674,2.7439999999999998
2017,0.6,0.621
2018,0.6,0.64
2019,2.12,2.109
2020,0.94,0.93
2021,2.505,2.48
2022,1.0,0.98
2023,0.65,0.745
2024,2.5,1.614
2025,16.983,17.433
2026,6.0,6.0
2027,7.335,6.9270000000000005
2028,4.0,4.0
2029,2.41,2.474
2030,2.641,2.3
2031,2.678,2.427
2032,2.369,3.68
2033,2.412,2.388
2034,2.891,2.891
2035,2.02,3.03
2036,0.6,0.609
2037,2.063,2.063
2038,0.507,0.48200000000000004
2039,0.584,0.57
2040,0.316,0.33899999999999997
2041,2.085,3.591
2042,0.275,0.303
2043,1.635,2.352
2044,0.5820000000000001,0.81
2045,45.43,46.108000000000004
2046,17.594,17.742
2047,68.828,68.828
2048,35.722,35.722
2051,1.9,1.96
2052,1.075,1.075
2053,2.15,2.187
2054,0.7020000000000001,0.68
2055,0.899,0.935
2056,0.785,0.7759999999999999
2057,1.255,1.281
2058,1.515,1.5319999999999998
2059,0.826,0.831
2060,26.03,26.049
2061,53.04,53.037
2062,20.546,20.546
2063,23.98,23.978
2064,10.405999999999999,10.482999999999999
2065,26.85,26.85
2066,3.25,3.2560000000000002
2067,99.637,106.59200000000001
2068,0.2,0.1785
2069,0.8009999999999999,0.80075
2071,2.275,2.26
2072,1.814,1.814
2073,2.225,2.225
2074,6.318,6.318
2075,3.28,2.6430000000000002
2076,4.1,4.1
2077,1.26,6.2
2078,5.0,5.0
2079,4.4,4.4
2080,1.45,1.45
2081,0.15,39.545
2082,4.7,4.7
2083,1.4917799999999999,1.4917799999999999
2084,0.7755,0.7755
2085,1.59772,1.59772
2086,1.0,1.0
2087,0.075,0.075
2088,4.56,4.814
2089,0.26,0.315
2090,0.44,0.675
2091,0.12,0.12
2092,0.45399999999999996,0.10800000000000001
2093,0.93,0.93
2094,0.93,0.93
2095,0.39399999999999996,0.39399999999999996
2096,1.2,0.8059999999999999
2097,0.051,0.051
2098,0.253,0.253
2099,0.253,0.253
2100,0.575,0.7340000000000001
2101,1.6,1.865
2102,0.823,0.823
2103,0.332,0.332
2104,0.037000000000000005,0.005
2105,0.4970000000000001,0.151
2106,0.628,0.081
2107,0.027999999999999997,0.028999999999999998
2108,0.06,0.084
2109,0.08,0.087
2110,0.079,0.079
2111,0.364,0.33899999999999997
2112,0.20800000000000002,0.32899999999999996
2113,0.066,0.057
2114,0.096,0.016
2115,0.198,0.062
2116,0.147,0.479
2117,0.126,0.126
2118,0.12,0.12
2119,0.142,0.142
2120,0.09300000000000001,0.09300000000000001
2121,9.0,8.755
2122,8.175,2358.245
2123,3.75,3.737
2124,1.0270000000000001,1.034
2125,5.84,5.912000000000001
2126,3.57,3.5380000000000003
2127,1.16,1.16
2128,7.556,11.501
2129,0.6,0.6
2130,0.292,0.292
2131,0.491,0.491
2132,0.193,0.191
2133,0.662,0.5660000000000001
2134,1.094,1.298
2135,0.506,0.498
2136,0.43,0.505
2137,1.163,0.8240000000000001
2138,0.419,0.415
2139,11.168,10.932
2140,0.58,0.581
2141,6.843999999999999,7.9179999999999975
2142,11.600999999999999,11.557
2143,1.288,1.393
2144,22.24,19.534000000000002
2145,0.73,1.078
2146,0.45,0.45
2147,42.053000000000004,29.061
2148,17.726,23.178
2149,5.893,36.79
2150,5.192,5.314
2151,0.11599999999999999,0.11800000000000001
2152,1.359,1.345
2153,3.34,3.465
2154,2.248,4.133
2155,0.677,0.701
2156,1.294,1.29
2157,2.742,2.7689999999999997
2158,4.917,6.103
2159,1.258,1.0390000000000001
2160,0.688,0.615
2161,1.024,1.023
2162,6.8370000000000015,6.827000000000001
2163,4.376,5.005
2164,3.575,3.5010000000000003
2165,2.259,2.15
2167,4.856,4.856
2168,0.33399999999999996,0.326
2169,0.55,0.6759999999999999
2170,6.728,7.03
2171,1.6440000000000001,1.518
2172,2.8760000000000003,3.694
2173,0.7859999999999999,0.748
2174,0.508,0.552
2175,59.06,62.38
2176,11.939,11.939
2177,12.937000000000001,12.597000000000001
2178,7.9510000000000005,7.899
2179,1.554,1.837
2180,26.17,25.377
2181,8.73,9.08
2182,20.164,20.463
2183,6.54,5.285
2184,5.034,5.367000000000001
2185,5.034,4.5489999999999995
2186,5.034,5.311
2187,5.034,5.159
2188,6.558,6.4479999999999995
2190,1.8,1.402
2192,0.5,0.5
2193,6.581,6.581
2194,2.603,3.931
2195,4.0,4.0
2196,1.479,1.619
2197,7.71,7.545
2198,4.82,4.827
2199,2.218,2.218
2200,1.011,1.011
2201,1.4340000000000002,1.4340000000000002
2202,0.8540000000000001,0.8029999999999999
2203,1.473,1.473
2204,0.22,0.22
2205,20.108,20.051
2206,0.441,0.444
2207,0.042,0.040999999999999995
2208,0.11,0.10800000000000001
2209,0.258,0.259
2210,0.313,0.34
2211,0.332,0.304
2212,0.315,0.316
2213,0.3,0.301
2214,0.499,0.622
2217,0.177,0.177
2218,0.34299999999999997,0.342
2219,1.435,1.435
2220,8.417,8.347000000000001
2221,12.454,13.814
2222,1.744,1.821
2223,1.7930000000000001,1.806
2224,10.95,10.95
2225,6.475,6.475
2226,7.102164,7.4566490000000005
2227,34.952687,24.194589
2228,4.846998,4.846998
2229,1.9988560000000002,1.9988560000000002
2230,9.029833,9.029833
2231,9.94,6.5993460000000015
2232,10.764566,10.764566
2233,2.28005,2.563318
2234,3.91,2.374144
2235,2.95118,2.146989
2236,0.885,0.885
2237,0.07400000000000001,0.07400000000000001
2238,4.59,4.59
2239,1.6,1.6
2240,1.3395,1.3395
2241,0.7,0.7
2242,0.8320000000000001,0.8320000000000001
2243,0.359833,0.359833
2244,0.57982,1.837847
2245,2.602,2.565
2246,0.7,0.7
2247,0.8320000000000001,0.8320000000000001
2249,0.018000000000000002,0.018000000000000002
2250,2.099,2.64304
2251,7.997000000000001,7.997000000000001
2252,8.188884,8.188884
2253,4.958169,4.958169
2254,1.9022139999999998,1.911
2255,3.1289999999999996,2.894314
2256,0.641874,0.592746
2257,2.86147,1.456034
2258,0.14810299999999998,0.14810299999999998
2259,0.224559,0.292548
2260,0.748,0.748
2261,0.395455,0.395455
2262,1.105129,1.123318
2263,2.889,2.889
2264,1.306335,1.306335
2265,2.801735,2.801735
2266,0.355459,0.355459
2267,0.383968,0.383968
2268,0.617727,0.617727
2269,0.11520599999999999,0.11948900000000001
2270,4.466133,4.466133
2271,4.033832,4.033832
2272,2.829758,2.829758
2273,1.470464,1.470464
2274,1.175392,1.175392
2275,3.5211879999999995,3.5211879999999995
2276,0.686028,0.686028
2277,2.399168,2.399168
2278,4.148072,4.148072
2279,0.401758,0.42175799999999997
2280,9.187418,9.187418
2281,6.723725999999999,6.723725999999999
2282,4.996476,4.996476
2283,8.964967999999997,8.964967999999997
2284,4.4824839999999995,4.4824839999999995
2285,15.687444000000001,13.137819
2286,1.61,0.756378
2287,5.27,5.784626
2288,1.57313,5.26072
2289,2.6660000000000004,2.2348
2290,0.9,0.9
2291,1.5,1.7077200000000001
2292,0.1875,0.1875
2293,5.610721,5.610721
2294,2.41119,2.41119
2295,0.7472850000000001,0.7472850000000001
2296,1.0016,1.0016
2297,1.528437,1.528437
2298,6.111853,6.111853
2299,3.59,3.59
2300,11.072000000000001,11.072000000000001
2301,3.42035,3.530468
2302,0.817238,0.817238
2303,0.584675,0.584675
2304,0.15,0.15
2305,1.0,1.0
2306,0.4,0.4
2307,0.147,0.147
2308,0.147,0.147
2309,0.433,0.433
2310,0.433,0.433
2311,0.433,0.433
2312,0.433,0.433
2313,0.433,0.433
2314,0.433,0.433
2315,0.433,0.433
2316,3.3705,1141.5
2317,12.58,12.58
2318,5.348,5.348
2319,2.182,2.182
2320,2.640574,2.532324
2321,15.3,14.961095000000002
2323,2.55,2.55
2324,8.0,8.0
2325,3.9019999999999997,2.0393380000000003
2326,0.1,0.1
2327,0.9148299999999999,0.9148299999999999
2328,1.358783,1.358783
2329,20.860999,20.215944
2330,70.94800000000002,70.94800000000002
2331,0.427537,0.427537
2332,8.914019999999997,5.49115
2335,45.858336,45.858336
2336,82.62749000000002,82.62749000000002
2337,52.195877,52.195877
2338,4.0,0.925359
2339,13.028134,12.858792999999999
2340,1.744313,1.744313
2341,2.552,2.552
2342,0.249,0.249
2343,0.15,0.15
2344,1.003416,1.07326
2345,2.6,2.6
2346,1.8948099999999999,1.8948099999999999
2347,2.7,2.7
2348,0.431166,0.431166
2349,9.181281,7.260858
2350,5.3617040000000005,5.3617040000000005
2351,1.2,1.2
2352,1.52,1.52
2353,1.7022560000000002,1.7022560000000002
2354,1.688296,1.688296
2355,0.11800000000000001,0.11800000000000001
2356,2.2430000000000003,2.2430000000000003
2357,0.5025069999999999,0.5025069999999999
2358,2.332,2.2095700000000003
2359,26.043430999999998,26.387297999999998
2360,4.005,4.005
2361,6.281751,6.598981
2362,7.399836,7.399836
2363,9.203586,9.515596
2364,2.96,2.96
2366,0.55,0.546875
2367,2.576605,2.501089
2368,2.97375,2.97375
2369,0.177984,0.177984
2370,9.05,9.05
2371,1.7028029999999998,1.7028029999999998
2372,13.163177,13.130645000000001
2373,3.9330000000000003,3.9330000000000003
2374,21.932999,21.932999
2375,3.6489999999999996,3.6489999999999996
2376,3.108,3.108
2377,1.05,1.801909
2378,7.858,7.858
2379,0.6,0.6
2380,5.0,5.0
2381,0.23541700000000002,0.23541700000000002
2382,4.093279,4.093279
2383,2.671332,2.622249
2384,5.0458110000000005,5.0458110000000005
2385,2.871334,2.519
2386,4.085577,19.949901
2387,1.8,1.8
2388,3.2,3.2
2389,7.315,7.315
2390,43.20399999999999,38.8836
2391,6.5296,6.5296
2555,1.51025,1.51025
2556,32.638258,31.548972999999997
2557,0.025,0.025
2558,0.02,0.02
2559,0.036000000000000004,0.03
2560,1.0375,0.9505
2561,0.0375,0.0375
2567,2.0,2.0
2568,2.975,2.975
2569,23.906126999999998,23.906126999999998
2570,5.468,5.468
2571,9.764,9.764
2572,26.0,20.012
2573,38.4,0.0
2574,14.457,3.1
2575,279.0,269.8
2576,321.47,321.47
2577,65.1,65.1
2578,74.64,70.206
2579,57.496,57.496
2580,327.894,327.704
2581,1027.653,0.0
2582,503.471,0.0
2583,74.78399999999998,0.0
2584,45.755,45.755
2585,428.26800000000003,428.26800000000003
2586,5.716,5.716
2587,6.55,6.55
2588,3.8710000000000004,3.8710000000000004
2589,19.0,19.0
2590,113.975,113.97399999999999
2591,7.4,7.4
2592,6.255,6.255
2593,3.798,3.798
2594,10.987,10.987
2595,18.1,18.1
2596,2.653,2.653
2597,118.859,151.52
2598,24.879,24.879
2599,7.876,7.876
2600,24.385,24.385
2601,14.289000000000001,14.289000000000001
2602,70.296,70.296
2603,32.918,32.918
2604,13.732999999999999,10.565
2605,32.986999999999995,14.370999999999999
2606,39.71,39.71
2607,23.660999999999998,19.132
2608,2.7710000000000004,2.906
2609,8.925,7.3729999999999976
2610,13.460999999999999,12.234000000000002
2611,17.544,15.782
2612,19.52,25.375999999999998
2613,28.74,28.74
2614,0.619,0.619
2615,0.8490000000000001,0.8490000000000001
2616,5.961,5.961
2617,9.104,9.104
2618,6.183,6.183
2619,5.126,5.126
2620,5.322,5.322
2621,2.188,2.188
2622,15.812000000000001,15.812000000000001
2623,754.895,797.0
2624,485.476,485.476
2625,27.0,27.0
2626,33.1,33.1
2627,17.6,17.6
2628,3.404,0.0
2629,0.6,0.6
2630,32.3,32.3
2631,53.4,53.4
2632,16.528,16.528
2633,3.0469999999999997,3.0469999999999997
2634,2.302,2.302
2635,8.416,8.416
2636,9.187000000000001,9.187000000000001
2637,8.45,8.45
2638,7.4910000000000005,6.62
2639,4.5360000000000005,4.5360000000000005
2640,10.369000000000002,10.369000000000002
2641,6.739,6.739
2642,0.602,0.602
2643,7.68,7.68
2644,22.375999999999998,22.375999999999998
2645,2.1790000000000003,2.1790000000000003
2646,2.262,2.262
2647,5.734,5.734
2648,10.363,10.363
2649,34.848,34.848
2650,22.111,22.111
2651,176.842,176.842
2652,8.567,8.567
2653,5.9479999999999995,5.9479999999999995
2654,39.029,39.029
2655,1.2,1.2
2656,44.506,44.495
2657,41.24800000000001,41.24800000000001
2658,41.486999999999995,41.486999999999995
2659,1.35,1.35
2660,4.9,4.9
2661,4.0,0.0
2662,1.415,1.415
2663,2.595,2.595
2664,89.3,89.3
2665,2.5,2.65
2666,14.595999999999998,14.595999999999998
2667,0.546,0.546
2668,17.695,17.695
2669,15.6,15.6
2670,19.7,19.7
2671,480.26099999999997,480.26099999999997
2672,0.37,12.968
2673,3.8989999999999996,3.8989999999999996
2674,5.394,5.394
2675,16.570999999999998,16.570999999999998
2676,0.36,0.36
2677,3.2119999999999997,3.2119999999999997
2678,18.032,18.032
2679,24.563000000000002,24.563000000000002
2680,28.34,28.35
2681,7.086,7.086
2682,117.691,112.976
2683,196.602,196.602
2684,7.8,0.0
2685,65.87,43.085
2686,698.043,698.043
2687,0.9159999999999999,0.9159999999999999
2688,15.56,15.56
2689,21.932,21.932
2690,12.645,12.645
2691,2.945,2.945
2692,257.98,254.922
2693,11.540999999999999,11.540999999999999
2694,7.641,7.641
2695,5.937,5.937
2696,17.58,17.58
2697,2.8,2.8
2698,1274.29,1274.29
2699,1511.36,1511.36
2700,32.67,32.67
2701,51.42,51.42
2702,8.869,8.869
2703,180.1,180.1
2704,8.55,8.55
2705,4.5,4.5
2706,16.29,16.29
2707,12.42,12.42
2708,12.689,12.689
2709,0.37,0.37
2710,1.416,1.416
2711,16.525,16.525
2712,0.5,0.5
2713,1.101,1.101
2714,4.9639999999999995,4.9639999999999995
2715,6.23,6.23
2716,4.306,4.306
2717,1.6380000000000001,1.6380000000000001
2718,1.682,1.682
2719,682.685,453.17
2720,5.254,4.566
2721,7.977,8.051
2722,17.535999999999998,18.0
2723,32.739000000000004,29.176
2724,563.12,563.12
2725,81.949,80.77
2726,42.2,42.5
2727,1.2,1.2
2728,22.204,18.742
2729,0.35,0.35
2730,0.42200000000000004,0.42200000000000004
2732,0.5,0.5
2733,3.06,5.9860000000000015
2738,0.360978,0.360978
2742,5.102,4.98369
2743,19.66,19.66
2744,78.42,78.42
2745,2.443,2.443
2746,2.8613060000000003,3.060521
2747,16.86,17.058389000000002
2748,0.2,0.38799999999999996
2749,5.1770000000000005,5.2358660000000015
2750,1.653,1.659703
2751,0.79,0.79
2752,0.958,0.958
2753,0.575,0.0
2759,1.15,1.3840000000000001
2760,1.9271040000000002,1.894637
2761,0.9491959999999999,0.880864
2762,0.619,0.619
2763,0.27,0.260313
2764,0.84,0.791463
2765,3.095,2.145555
2766,1.899,1.924857
2767,0.429,0.402856
2768,8.75,8.75
2769,9.983151,9.846171
2770,2.2552529999999997,2.249534
2771,2.094166,2.028973
2772,3.2816940000000003,3.2816940000000003
2773,22.79465,22.894274
2774,5.6,5.6
2775,4.75,4.75
2777,28.05,27.54300000000001
2778,0.04,0.04
2779,3.990647,3.8427339999999997
2780,3.538811,3.184111
2781,0.304713,0.304713
2782,2.9010000000000002,2.76
2783,4.4239999999999995,4.328
2784,0.278,0.27699999999999997
2785,2.39921,2.683797
2786,1.0143,1.1059940000000001
2787,4.1196,3.6773510000000003
2788,3.05609,3.170562
2789,0.7413,0.6224810000000001
2790,0.001,0.012681
2791,0.8347,0.649473
2792,1.9763,1.545542
2793,2.37514,2.327292
2794,7.0716600000000005,7.0099800000000005
2795,0.9,0.720334
2796,0.1,0.0211
2797,0.1,0.0
2798,12.450999999999999,10.909
2799,3.888,3.888
2800,33.574,33.574
2801,73.96600000000002,73.96600000000002
2802,16.391,16.391
2803,30.0,30.0
2804,15.0,15.0
2805,1.0,1.0
2806,0.184,0.093317
2807,2.021162,2.021162
2808,0.289181,0.289181
2809,0.5147649999999999,0.5147649999999999
2810,0.80166,0.80166
2811,0.4240850000000001,0.4240850000000001
2812,0.19312100000000001,0.19312100000000001
2813,1.6875,1.6875
2814,1.8,1.8
2815,0.11973199999999999,0.11973199999999999
2816,0.433,0.433
2817,1.501,1.501
2818,3.074001,3.074001
2819,1.659,1.659
2820,1.044233,1.044233
2821,0.249,0.249
2822,0.59032,0.59032
2823,1.8109689999999998,1.810989
2824,3.88345,4.037686
2825,0.2,0.21
2827,0.3,0.3
2828,0.3,0.3
2829,0.14,0.14
2830,0.15,0.15
2831,0.3,0.3
2832,0.5,0.5
2833,0.5,0.5
2834,0.1,0.1
2840,0.09423200000000001,0.09423200000000001
2841,2.4404939999999997,3.4680739999999997
2842,0.114927,0.114927
2843,0.25054899999999997,0.25054899999999997
2844,2.2701,1.7843
2845,0.670669,0.547013
2846,1.834856,1.834856
2848,0.15,0.15
2849,15.567753,15.337128
2850,0.102,0.102
2851,0.105,0.105
2852,0.35100000000000003,0.35100000000000003
2853,0.3670000000000001,0.3670000000000001
2854,0.2,0.2
2855,0.1997,0.1997
2856,0.25,0.25
2857,0.1,0.3
2858,0.65,0.65
2859,0.1,0.1
2860,1.4,0.435
2862,0.22699999999999998,0.242
2863,0.5,0.5
2864,0.75,0.75
2865,0.22699999999999998,0.22899999999999998
2866,1.75,1.76
2867,0.5,0.5
2868,0.5,0.5
2869,1.6,1.6
2870,0.33,0.33
2871,10.338,10.338
2874,6.028282,6.028282
2875,3.812,3.812
2876,0.8,0.8
2877,0.15,0.166261
2878,0.2,0.2
2879,1.442,1.4451
2880,0.5015,0.4554
2881,6.8660000000000005,6.427668
2882,1.14,0.931425
2886,0.532,0.4808
2887,0.35,0.203
2888,0.49,0.3936
2889,0.35,0.135
2891,0.66677,0.5108600000000001
2892,2.32,2.32
2893,0.2487800000000001,0.2487800000000001
2894,2.06623,1.4946700000000002
2895,0.12637,0.12637
2896,0.7618699999999999,0.7618699999999999
2897,1.08423,1.08423
2898,0.94115,0.94115
2899,3.19377,3.19377
2900,0.93947,0.9820200000000001
2901,1.3902700000000001,1.3902700000000001
2902,1.65455,1.65405
2905,1.0,1.0
2906,0.72472,0.72472
2907,0.71414,0.73331
2908,0.5,0.5
2909,1.05749,1.05749
2910,2.84647,2.82769
2911,44.0,44.252549
2912,1.0,1.0
2913,7.775,7.944
2914,0.1795,0.1666
2915,0.126906,0.11638599999999999
2916,0.018643,0.034912
2917,0.063317,0.047158
2918,1.5019999999999998,1.5019999999999998
2919,0.546,0.546
2920,1.155,1.155
2921,2.9810000000000003,2.985068
2922,7.6,7.581
2923,0.05,0.03
2925,0.805,0.805
2926,1.75,1.75
2927,0.22117699999999998,0.22117699999999998
2928,0.21200500000000005,0.21200500000000005
2929,48.420743,48.380336
2930,17.633992000000006,17.633992000000006
2931,0.747266,0.747266
2932,5.901918,5.8853269999999975
2933,1.383,1.383
2934,0.377089,0.354522
2935,4.074831,3.354399
2936,29.5,29.5
2937,1.601,2.184
2938,3649.2499700000003,3804.99991
2939,1.5,1.5
2940,0.6829999999999999,0.406
2941,0.772,0.737
2942,7.16,7.16
2943,1.6680000000000001,1.6680000000000001
2944,0.016,0.022000000000000002
2945,0.02,0.021
2946,1.6680000000000001,1.015
2947,0.09,0.09
2948,0.09,0.09
2949,8.0375,8.0375
2950,6.45,6.45
2951,7.162064999999999,7.19752
2952,8.938827999999997,8.938827999999997
2953,3.0929990000000003,3.0929990000000003
2954,0.7525,0.7525
2955,2.0936,2.0936
2956,2.0341400000000003,3.719
2957,35.60287299999999,35.60287299999999
2958,6.63,6.63
2959,1.607,1.607
2960,1.02,1.02
2961,0.12300000000000001,0.12300000000000001
2962,3.696,3.696
2963,11.8153,11.815318
2964,1.9212209999999998,1.972113
2965,5.461,5.461
2966,98.339,98.339
2967,1.5219999999999998,1.5219999999999998
2968,1.7009999999999998,1.7009999999999998
2969,1.4909999999999999,1.4909999999999999
2970,1.122,1.122
2971,8.104,8.104
2972,2.978,2.978
2973,23.363000000000003,23.363000000000003
2974,6.2,6.394591
2975,13.0,9.429158000000001
2976,5.7,5.6090349999999995
2977,12.2,5.807506
2978,8.6,17.400745
2979,12.8,11.117361
2980,0.754,0.754
2981,0.18899999999999997,0.18899999999999997
2982,0.3,0.0
2983,0.465,0.311008
2984,0.465,0.311544
2985,0.31,0.155393
2986,2.69,2.69
2987,2.178954,2.138081
2988,0.7825310000000001,0.7825310000000001
2989,0.7052390000000001,0.7052390000000001
2990,0.43374399999999996,0.43374399999999996
2991,31.83,31.83
2992,5.8329999999999975,5.8329999999999975
2993,2.0580000000000003,2.0580000000000003
2994,4.636,4.636
2995,2.802,2.802
2996,8.827,8.827
2997,1.3359999999999999,1.3359999999999999
2998,9.097000000000001,9.097000000000001
2999,1.213,1.213
3000,5.001,5.001
3001,8.606,8.606
3002,7.178999999999999,7.178999999999999
3003,0.12289100000000001,0.11558199999999999
3004,0.519999,0.519999
3005,0.294937,0.294937
3006,0.111973,0.111973
3007,0.251938,0.251938
3008,0.349498,0.34517800000000004
3009,0.13518,0.13518
3010,0.135178,0.135178
3011,0.337949,0.337949
3012,0.12289100000000001,0.12289100000000001
3013,0.335911,0.335911
3031,303.0,303.0
3032,1.723225,1.723225
3033,1.6144479999999999,1.6144479999999999
3038,10.170897,8.885216
3042,9.053882000000002,9.053882000000002
3043,3.99,3.99
3045,1.89967,1.89967
3047,0.9492799999999999,0.9492799999999999
3051,5.0,5.0
3053,16.0,16.0
3055,0.518,0.518
3057,1.55809,2.425152
3059,2.179936,2.084438
3061,2.514063,2.31213
3063,0.617595,0.649725
3065,8.141993,8.214412
3067,0.291797,0.511784
3069,2.755,2.755
3071,0.435,0.435
3073,0.12,0.118128
3075,3.877357,4.745769999999999
3077,3.12,3.12
3079,0.01,0.01
3081,0.125,0.125
3083,0.473,2.476
3085,0.18,0.18
3087,0.07200000000000001,0.081
3089,0.16899999999999998,0.16899999999999998
3091,0.213,0.141
3093,0.07400000000000001,0.07400000000000001
3095,0.138,0.11699999999999999
3097,0.084,1.19
3099,0.11699999999999999,0.11699999999999999
3101,0.13,0.128
3103,0.33,0.38
3105,0.505,0.965
3107,4.654,4.6
3109,0.175,0.204
3113,3.1,3.1
3115,1.2,1.2
3117,64.6,64.6
3119,29.4,29.4
3121,5.0,5.0
3123,2.424,2.424
3125,1.2,1.2
3127,0.44630699999999995,0.44630699999999995
3129,11.5,11.08
3131,0.4764,0.4764
3133,12.0,8.625575999999999
3135,86.697339,86.697339
3137,98.81,98.81
3139,16.792,16.792
3141,33.249,33.249
3143,7.982,7.982
3145,5.5420000000000025,5.5420000000000025
3147,2.862,2.862
3149,0.8490000000000001,0.852
3151,0.18100000000000002,0.218
3153,3.002,2.8489999999999998
3155,14.855,14.855
3157,0.085,0.04833
3159,1.51959,1.51959
3161,0.8719,0.8719
3163,2.361209,2.995832
3165,2.563764,3.1291919999999998
3167,1.147145,1.147146
3169,1.731528,1.594614
3171,3.570413,2.558848
3173,22.830001,22.830001
3175,1.5090350000000001,1.5090350000000001
3177,0.4,0.4
3179,0.8005,0.8005
3181,2.03721,2.03721
3183,0.035,0.035
3185,0.45,0.45
3187,9.03992,9.265161
3189,2.3867380000000002,2.352199
3191,1.588847,1.3292469999999998
3193,0.861389,0.746798
3195,0.35,0.18152000000000001
3197,0.48,0.48
3199,0.375,0.375
3201,0.46,0.46
3203,0.475,0.475
3205,0.15,0.15
3207,0.7240000000000001,0.7240000000000001
3209,0.75,0.75
3211,1.34,1.34
3213,1.0,1.0
3215,0.5,0.5
3217,6.5,6.5
3219,0.52544,0.52544
3221,5.09,5.09
3223,2.4352259999999997,2.086182
3225,2.97631,2.97631
3227,,
3229,,
3231,5.171101,5.0333830000000015
3233,0.68,0.68
3235,0.36,0.36
3237,31.313438,31.313438
3239,16.636132,16.636132
3241,0.15431,0.15431
3243,1.4,1.4
3245,0.178478,0.178478
3247,1.43565,1.43565
3249,2.6702,2.6702
3251,0.978,0.978
3253,14.655,14.655
3255,9.707,9.707
3257,4.737,4.737
3259,8.314,8.314
3261,5.09,5.09
3263,0.33399999999999996,0.33399999999999996
3265,0.4920000000000001,0.4920000000000001
3267,0.638,0.638
3269,3.9525699999999997,3.835414
3271,5.4191660000000015,5.4191660000000015
3273,12.128604,12.128604
3275,2.188114,2.188114
